--------------------------------------------------------
--  File created - Salý-Haziran-08-2021   
--------------------------------------------------------
DROP SEQUENCE "ECZANE"."CALISAN_ID_SEQ";
DROP SEQUENCE "ECZANE"."HASTA_ID_SEQ";
DROP SEQUENCE "ECZANE"."CALISAN_ID_SEQ";
DROP SEQUENCE "ECZANE"."HASTA_ID_SEQ";
DROP TABLE "ECZANE"."CALISAN_ADRESLER" cascade constraints;
DROP TABLE "ECZANE"."CALISANLAR" cascade constraints;
DROP TABLE "ECZANE"."HASTAADRESLER" cascade constraints;
DROP TABLE "ECZANE"."HASTALIK" cascade constraints;
DROP TABLE "ECZANE"."ILACLAR" cascade constraints;
DROP TABLE "ECZANE"."LOGKAYDI" cascade constraints;
DROP TABLE "ECZANE"."MAASLAR" cascade constraints;
DROP TABLE "ECZANE"."MUSTERILER" cascade constraints;
DROP TABLE "ECZANE"."NORMALIZEEDÝLMEMÝÞ_TABLO" cascade constraints;
DROP TABLE "ECZANE"."CALISAN_ADRESLER" cascade constraints;
DROP TABLE "ECZANE"."MAASLAR" cascade constraints;
DROP TABLE "ECZANE"."HASTAADRESLER" cascade constraints;
DROP TABLE "ECZANE"."HASTALIK" cascade constraints;
DROP TABLE "ECZANE"."ILACLAR" cascade constraints;
DROP TABLE "ECZANE"."CALISANLAR" cascade constraints;
DROP TABLE "ECZANE"."MUSTERILER" cascade constraints;
DROP TABLE "ECZANE"."LOGKAYDI" cascade constraints;
DROP VIEW "ECZANE"."CALISANILETISIM";
DROP VIEW "ECZANE"."HASTADURUMLARI";
DROP PROCEDURE "ECZANE"."CALISANEKLE";
DROP PROCEDURE "ECZANE"."HASTA_EKLE";
DROP FUNCTION "ECZANE"."CALISANPLACE";
DROP FUNCTION "ECZANE"."HOMETOWN";
DROP FUNCTION "ECZANE"."PLACE";
DROP FUNCTION "ECZANE"."UCRET";
DROP SYNONYM "PUBLIC"."DUAL";
--------------------------------------------------------
--  DDL for Sequence CALISAN_ID_SEQ
--------------------------------------------------------

   CREATE SEQUENCE  "ECZANE"."CALISAN_ID_SEQ"  MINVALUE 8 MAXVALUE 9999999999999999999999999999 INCREMENT BY 1 START WITH 16 NOCACHE  ORDER  NOCYCLE ;
--------------------------------------------------------
--  DDL for Sequence HASTA_ID_SEQ
--------------------------------------------------------

   CREATE SEQUENCE  "ECZANE"."HASTA_ID_SEQ"  MINVALUE 11 MAXVALUE 9999999999999999999999999999 INCREMENT BY 1 START WITH 11 NOCACHE  ORDER  NOCYCLE ;
--------------------------------------------------------
--  DDL for Sequence CALISAN_ID_SEQ
--------------------------------------------------------

   CREATE SEQUENCE  "ECZANE"."CALISAN_ID_SEQ"  MINVALUE 8 MAXVALUE 9999999999999999999999999999 INCREMENT BY 1 START WITH 16 NOCACHE  ORDER  NOCYCLE ;
--------------------------------------------------------
--  DDL for Sequence HASTA_ID_SEQ
--------------------------------------------------------

   CREATE SEQUENCE  "ECZANE"."HASTA_ID_SEQ"  MINVALUE 11 MAXVALUE 9999999999999999999999999999 INCREMENT BY 1 START WITH 11 NOCACHE  ORDER  NOCYCLE ;
--------------------------------------------------------
--  DDL for Table CALISAN_ADRESLER
--------------------------------------------------------

  CREATE TABLE "ECZANE"."CALISAN_ADRESLER" 
   (	"ADRES" VARCHAR2(200 BYTE), 
	"TC" NUMBER
   ) SEGMENT CREATION IMMEDIATE 
  PCTFREE 10 PCTUSED 40 INITRANS 1 MAXTRANS 255 NOCOMPRESS LOGGING
  STORAGE(INITIAL 65536 NEXT 1048576 MINEXTENTS 1 MAXEXTENTS 2147483645
  PCTINCREASE 0 FREELISTS 1 FREELIST GROUPS 1 BUFFER_POOL DEFAULT FLASH_CACHE DEFAULT CELL_FLASH_CACHE DEFAULT)
  TABLESPACE "ECZANE" ;
--------------------------------------------------------
--  DDL for Table CALISANLAR
--------------------------------------------------------

  CREATE TABLE "ECZANE"."CALISANLAR" 
   (	"ÇALIÞAN_ID" NUMBER(11,0), 
	"AD" VARCHAR2(200 BYTE), 
	"SOYAD" VARCHAR2(200 BYTE), 
	"TC" NUMBER(11,0), 
	"TEL" NUMBER(11,0), 
	"ADRES" VARCHAR2(200 BYTE), 
	"MAAÞ" NUMBER(11,0)
   ) SEGMENT CREATION IMMEDIATE 
  PCTFREE 10 PCTUSED 40 INITRANS 1 MAXTRANS 255 NOCOMPRESS LOGGING
  STORAGE(INITIAL 65536 NEXT 1048576 MINEXTENTS 1 MAXEXTENTS 2147483645
  PCTINCREASE 0 FREELISTS 1 FREELIST GROUPS 1 BUFFER_POOL DEFAULT FLASH_CACHE DEFAULT CELL_FLASH_CACHE DEFAULT)
  TABLESPACE "ECZANE" ;
--------------------------------------------------------
--  DDL for Table HASTAADRESLER
--------------------------------------------------------

  CREATE TABLE "ECZANE"."HASTAADRESLER" 
   (	"TC" NUMBER(11,0), 
	"ADRES" VARCHAR2(200 BYTE), 
	"DYERI" VARCHAR2(200 BYTE)
   ) SEGMENT CREATION IMMEDIATE 
  PCTFREE 10 PCTUSED 40 INITRANS 1 MAXTRANS 255 NOCOMPRESS LOGGING
  STORAGE(INITIAL 65536 NEXT 1048576 MINEXTENTS 1 MAXEXTENTS 2147483645
  PCTINCREASE 0 FREELISTS 1 FREELIST GROUPS 1 BUFFER_POOL DEFAULT FLASH_CACHE DEFAULT CELL_FLASH_CACHE DEFAULT)
  TABLESPACE "ECZANE" ;
--------------------------------------------------------
--  DDL for Table HASTALIK
--------------------------------------------------------

  CREATE TABLE "ECZANE"."HASTALIK" 
   (	"HASTALIK_ID" NUMBER(11,0), 
	"HASTALIGI" VARCHAR2(200 BYTE)
   ) SEGMENT CREATION IMMEDIATE 
  PCTFREE 10 PCTUSED 40 INITRANS 1 MAXTRANS 255 NOCOMPRESS LOGGING
  STORAGE(INITIAL 65536 NEXT 1048576 MINEXTENTS 1 MAXEXTENTS 2147483645
  PCTINCREASE 0 FREELISTS 1 FREELIST GROUPS 1 BUFFER_POOL DEFAULT FLASH_CACHE DEFAULT CELL_FLASH_CACHE DEFAULT)
  TABLESPACE "ECZANE" ;
--------------------------------------------------------
--  DDL for Table ILACLAR
--------------------------------------------------------

  CREATE TABLE "ECZANE"."ILACLAR" 
   (	"IL_ID" NUMBER(11,0), 
	"AL_ILAC" VARCHAR2(200 BYTE), 
	"RESIMLER" BLOB
   ) SEGMENT CREATION IMMEDIATE 
  PCTFREE 10 PCTUSED 40 INITRANS 1 MAXTRANS 255 NOCOMPRESS LOGGING
  STORAGE(INITIAL 65536 NEXT 1048576 MINEXTENTS 1 MAXEXTENTS 2147483645
  PCTINCREASE 0 FREELISTS 1 FREELIST GROUPS 1 BUFFER_POOL DEFAULT FLASH_CACHE DEFAULT CELL_FLASH_CACHE DEFAULT)
  TABLESPACE "ECZANE" 
 LOB ("RESIMLER") STORE AS BASICFILE (
  TABLESPACE "ECZANE" ENABLE STORAGE IN ROW CHUNK 8192 RETENTION 
  NOCACHE LOGGING 
  STORAGE(INITIAL 65536 NEXT 1048576 MINEXTENTS 1 MAXEXTENTS 2147483645
  PCTINCREASE 0 FREELISTS 1 FREELIST GROUPS 1 BUFFER_POOL DEFAULT FLASH_CACHE DEFAULT CELL_FLASH_CACHE DEFAULT)) ;
--------------------------------------------------------
--  DDL for Table LOGKAYDI
--------------------------------------------------------

  CREATE TABLE "ECZANE"."LOGKAYDI" 
   (	"TC" NUMBER, 
	"LOGKAYDI" VARCHAR2(200 BYTE), 
	"TARIH" DATE
   ) SEGMENT CREATION IMMEDIATE 
  PCTFREE 10 PCTUSED 40 INITRANS 1 MAXTRANS 255 NOCOMPRESS LOGGING
  STORAGE(INITIAL 65536 NEXT 1048576 MINEXTENTS 1 MAXEXTENTS 2147483645
  PCTINCREASE 0 FREELISTS 1 FREELIST GROUPS 1 BUFFER_POOL DEFAULT FLASH_CACHE DEFAULT CELL_FLASH_CACHE DEFAULT)
  TABLESPACE "ECZANE" ;
--------------------------------------------------------
--  DDL for Table MAASLAR
--------------------------------------------------------

  CREATE TABLE "ECZANE"."MAASLAR" 
   (	"TC" NUMBER(11,0), 
	"MAAS" NUMBER(11,0)
   ) SEGMENT CREATION IMMEDIATE 
  PCTFREE 10 PCTUSED 40 INITRANS 1 MAXTRANS 255 NOCOMPRESS LOGGING
  STORAGE(INITIAL 65536 NEXT 1048576 MINEXTENTS 1 MAXEXTENTS 2147483645
  PCTINCREASE 0 FREELISTS 1 FREELIST GROUPS 1 BUFFER_POOL DEFAULT FLASH_CACHE DEFAULT CELL_FLASH_CACHE DEFAULT)
  TABLESPACE "ECZANE" ;
--------------------------------------------------------
--  DDL for Table MUSTERILER
--------------------------------------------------------

  CREATE TABLE "ECZANE"."MUSTERILER" 
   (	"HASTA_ID" NUMBER(11,0), 
	"HASTAADI" VARCHAR2(200 BYTE), 
	"HASTASOYADI" VARCHAR2(200 BYTE), 
	"TC" NUMBER(11,0), 
	"DYERI" VARCHAR2(200 BYTE), 
	"ADRES" VARCHAR2(200 BYTE), 
	"TEL" NUMBER(11,0), 
	"HASTALIGI" NUMBER, 
	"AL_ILAC" NUMBER, 
	"SOSYAL_GUVENCE" VARCHAR2(200 BYTE), 
	"RESIMLER" BLOB
   ) SEGMENT CREATION IMMEDIATE 
  PCTFREE 10 PCTUSED 40 INITRANS 1 MAXTRANS 255 NOCOMPRESS LOGGING
  STORAGE(INITIAL 65536 NEXT 1048576 MINEXTENTS 1 MAXEXTENTS 2147483645
  PCTINCREASE 0 FREELISTS 1 FREELIST GROUPS 1 BUFFER_POOL DEFAULT FLASH_CACHE DEFAULT CELL_FLASH_CACHE DEFAULT)
  TABLESPACE "ECZANE" 
 LOB ("RESIMLER") STORE AS BASICFILE (
  TABLESPACE "ECZANE" ENABLE STORAGE IN ROW CHUNK 8192 RETENTION 
  NOCACHE LOGGING 
  STORAGE(INITIAL 65536 NEXT 1048576 MINEXTENTS 1 MAXEXTENTS 2147483645
  PCTINCREASE 0 FREELISTS 1 FREELIST GROUPS 1 BUFFER_POOL DEFAULT FLASH_CACHE DEFAULT CELL_FLASH_CACHE DEFAULT)) ;
--------------------------------------------------------
--  DDL for Table NORMALIZEEDÝLMEMÝÞ_TABLO
--------------------------------------------------------

  CREATE TABLE "ECZANE"."NORMALIZEEDÝLMEMÝÞ_TABLO" 
   (	"HASTAADI" VARCHAR2(200 BYTE), 
	"HASTASOYADI" VARCHAR2(200 BYTE), 
	"TC" NUMBER(38,0), 
	"DYERI" VARCHAR2(26 BYTE), 
	"ADRES" VARCHAR2(200 BYTE), 
	"EV_TEL" NUMBER(38,0), 
	"CEP_TEL" NUMBER(38,0), 
	"HASTALIGI" VARCHAR2(26 BYTE), 
	"AL_ILAC" VARCHAR2(26 BYTE), 
	"SOSYAL_GUVENCE" VARCHAR2(26 BYTE)
   ) SEGMENT CREATION IMMEDIATE 
  PCTFREE 10 PCTUSED 40 INITRANS 1 MAXTRANS 255 NOCOMPRESS LOGGING
  STORAGE(INITIAL 65536 NEXT 1048576 MINEXTENTS 1 MAXEXTENTS 2147483645
  PCTINCREASE 0 FREELISTS 1 FREELIST GROUPS 1 BUFFER_POOL DEFAULT FLASH_CACHE DEFAULT CELL_FLASH_CACHE DEFAULT)
  TABLESPACE "ECZANE" ;
--------------------------------------------------------
--  DDL for Table CALISAN_ADRESLER
--------------------------------------------------------

  CREATE TABLE "ECZANE"."CALISAN_ADRESLER" 
   (	"ADRES" VARCHAR2(200 BYTE), 
	"TC" NUMBER
   ) SEGMENT CREATION IMMEDIATE 
  PCTFREE 10 PCTUSED 40 INITRANS 1 MAXTRANS 255 NOCOMPRESS LOGGING
  STORAGE(INITIAL 65536 NEXT 1048576 MINEXTENTS 1 MAXEXTENTS 2147483645
  PCTINCREASE 0 FREELISTS 1 FREELIST GROUPS 1 BUFFER_POOL DEFAULT FLASH_CACHE DEFAULT CELL_FLASH_CACHE DEFAULT)
  TABLESPACE "ECZANE" ;
--------------------------------------------------------
--  DDL for Table MAASLAR
--------------------------------------------------------

  CREATE TABLE "ECZANE"."MAASLAR" 
   (	"TC" NUMBER(11,0), 
	"MAAS" NUMBER(11,0)
   ) SEGMENT CREATION IMMEDIATE 
  PCTFREE 10 PCTUSED 40 INITRANS 1 MAXTRANS 255 NOCOMPRESS LOGGING
  STORAGE(INITIAL 65536 NEXT 1048576 MINEXTENTS 1 MAXEXTENTS 2147483645
  PCTINCREASE 0 FREELISTS 1 FREELIST GROUPS 1 BUFFER_POOL DEFAULT FLASH_CACHE DEFAULT CELL_FLASH_CACHE DEFAULT)
  TABLESPACE "ECZANE" ;
--------------------------------------------------------
--  DDL for Table HASTAADRESLER
--------------------------------------------------------

  CREATE TABLE "ECZANE"."HASTAADRESLER" 
   (	"TC" NUMBER(11,0), 
	"ADRES" VARCHAR2(200 BYTE), 
	"DYERI" VARCHAR2(200 BYTE)
   ) SEGMENT CREATION IMMEDIATE 
  PCTFREE 10 PCTUSED 40 INITRANS 1 MAXTRANS 255 NOCOMPRESS LOGGING
  STORAGE(INITIAL 65536 NEXT 1048576 MINEXTENTS 1 MAXEXTENTS 2147483645
  PCTINCREASE 0 FREELISTS 1 FREELIST GROUPS 1 BUFFER_POOL DEFAULT FLASH_CACHE DEFAULT CELL_FLASH_CACHE DEFAULT)
  TABLESPACE "ECZANE" ;
--------------------------------------------------------
--  DDL for Table HASTALIK
--------------------------------------------------------

  CREATE TABLE "ECZANE"."HASTALIK" 
   (	"HASTALIK_ID" NUMBER(11,0), 
	"HASTALIGI" VARCHAR2(200 BYTE)
   ) SEGMENT CREATION IMMEDIATE 
  PCTFREE 10 PCTUSED 40 INITRANS 1 MAXTRANS 255 NOCOMPRESS LOGGING
  STORAGE(INITIAL 65536 NEXT 1048576 MINEXTENTS 1 MAXEXTENTS 2147483645
  PCTINCREASE 0 FREELISTS 1 FREELIST GROUPS 1 BUFFER_POOL DEFAULT FLASH_CACHE DEFAULT CELL_FLASH_CACHE DEFAULT)
  TABLESPACE "ECZANE" ;
--------------------------------------------------------
--  DDL for Table ILACLAR
--------------------------------------------------------

  CREATE TABLE "ECZANE"."ILACLAR" 
   (	"IL_ID" NUMBER(11,0), 
	"AL_ILAC" VARCHAR2(200 BYTE), 
	"RESIMLER" BLOB
   ) SEGMENT CREATION IMMEDIATE 
  PCTFREE 10 PCTUSED 40 INITRANS 1 MAXTRANS 255 NOCOMPRESS LOGGING
  STORAGE(INITIAL 65536 NEXT 1048576 MINEXTENTS 1 MAXEXTENTS 2147483645
  PCTINCREASE 0 FREELISTS 1 FREELIST GROUPS 1 BUFFER_POOL DEFAULT FLASH_CACHE DEFAULT CELL_FLASH_CACHE DEFAULT)
  TABLESPACE "ECZANE" 
 LOB ("RESIMLER") STORE AS BASICFILE (
  TABLESPACE "ECZANE" ENABLE STORAGE IN ROW CHUNK 8192 RETENTION 
  NOCACHE LOGGING 
  STORAGE(INITIAL 65536 NEXT 1048576 MINEXTENTS 1 MAXEXTENTS 2147483645
  PCTINCREASE 0 FREELISTS 1 FREELIST GROUPS 1 BUFFER_POOL DEFAULT FLASH_CACHE DEFAULT CELL_FLASH_CACHE DEFAULT)) ;
--------------------------------------------------------
--  DDL for Table CALISANLAR
--------------------------------------------------------

  CREATE TABLE "ECZANE"."CALISANLAR" 
   (	"ÇALIÞAN_ID" NUMBER(11,0), 
	"AD" VARCHAR2(200 BYTE), 
	"SOYAD" VARCHAR2(200 BYTE), 
	"TC" NUMBER(11,0), 
	"TEL" NUMBER(11,0), 
	"ADRES" VARCHAR2(200 BYTE), 
	"MAAÞ" NUMBER(11,0)
   ) SEGMENT CREATION IMMEDIATE 
  PCTFREE 10 PCTUSED 40 INITRANS 1 MAXTRANS 255 NOCOMPRESS LOGGING
  STORAGE(INITIAL 65536 NEXT 1048576 MINEXTENTS 1 MAXEXTENTS 2147483645
  PCTINCREASE 0 FREELISTS 1 FREELIST GROUPS 1 BUFFER_POOL DEFAULT FLASH_CACHE DEFAULT CELL_FLASH_CACHE DEFAULT)
  TABLESPACE "ECZANE" ;
--------------------------------------------------------
--  DDL for Table MUSTERILER
--------------------------------------------------------

  CREATE TABLE "ECZANE"."MUSTERILER" 
   (	"HASTA_ID" NUMBER(11,0), 
	"HASTAADI" VARCHAR2(200 BYTE), 
	"HASTASOYADI" VARCHAR2(200 BYTE), 
	"TC" NUMBER(11,0), 
	"DYERI" VARCHAR2(200 BYTE), 
	"ADRES" VARCHAR2(200 BYTE), 
	"TEL" NUMBER(11,0), 
	"HASTALIGI" NUMBER, 
	"AL_ILAC" NUMBER, 
	"SOSYAL_GUVENCE" VARCHAR2(200 BYTE), 
	"RESIMLER" BLOB
   ) SEGMENT CREATION IMMEDIATE 
  PCTFREE 10 PCTUSED 40 INITRANS 1 MAXTRANS 255 NOCOMPRESS LOGGING
  STORAGE(INITIAL 65536 NEXT 1048576 MINEXTENTS 1 MAXEXTENTS 2147483645
  PCTINCREASE 0 FREELISTS 1 FREELIST GROUPS 1 BUFFER_POOL DEFAULT FLASH_CACHE DEFAULT CELL_FLASH_CACHE DEFAULT)
  TABLESPACE "ECZANE" 
 LOB ("RESIMLER") STORE AS BASICFILE (
  TABLESPACE "ECZANE" ENABLE STORAGE IN ROW CHUNK 8192 RETENTION 
  NOCACHE LOGGING 
  STORAGE(INITIAL 65536 NEXT 1048576 MINEXTENTS 1 MAXEXTENTS 2147483645
  PCTINCREASE 0 FREELISTS 1 FREELIST GROUPS 1 BUFFER_POOL DEFAULT FLASH_CACHE DEFAULT CELL_FLASH_CACHE DEFAULT)) ;
--------------------------------------------------------
--  DDL for Table LOGKAYDI
--------------------------------------------------------

  CREATE TABLE "ECZANE"."LOGKAYDI" 
   (	"TC" NUMBER, 
	"LOGKAYDI" VARCHAR2(200 BYTE), 
	"TARIH" DATE
   ) SEGMENT CREATION IMMEDIATE 
  PCTFREE 10 PCTUSED 40 INITRANS 1 MAXTRANS 255 NOCOMPRESS LOGGING
  STORAGE(INITIAL 65536 NEXT 1048576 MINEXTENTS 1 MAXEXTENTS 2147483645
  PCTINCREASE 0 FREELISTS 1 FREELIST GROUPS 1 BUFFER_POOL DEFAULT FLASH_CACHE DEFAULT CELL_FLASH_CACHE DEFAULT)
  TABLESPACE "ECZANE" ;
--------------------------------------------------------
--  DDL for View CALISANILETISIM
--------------------------------------------------------

  CREATE OR REPLACE FORCE VIEW "ECZANE"."CALISANILETISIM" ("AD", "SOYAD", "TEL") AS 
  select ad,soyad,tel
from calýsanlar
;
--------------------------------------------------------
--  DDL for View HASTADURUMLARI
--------------------------------------------------------

  CREATE OR REPLACE FORCE VIEW "ECZANE"."HASTADURUMLARI" ("HASTAADI", "HASTASOYADI", "ADRES", "SOSYAL_GUVENCE", "AL_ILAC") AS 
  select musterýler.hastaadý,musterýler.hastasoyadý, musterýler.adres, musterýler.sosyal_guvence, ýlaclar.al_ýlac
from musterýler, ýlaclar where ýlaclar.ýl_ýd=musterýler.al_ýlac
;
REM INSERTING into ECZANE.CALISAN_ADRESLER
SET DEFINE OFF;
Insert into ECZANE.CALISAN_ADRESLER (ADRES,TC) values ('KaramanMah.KarabasSok.BayramApartmaný.NIlüfer/Bursa','36278');
Insert into ECZANE.CALISAN_ADRESLER (ADRES,TC) values ('DIkkaldýrýmMah.VelISok.DevletApartmaný.OsmangazI/Bursa','45424');
Insert into ECZANE.CALISAN_ADRESLER (ADRES,TC) values ('DIkkaldýrýmMah.MustafaSok.KImyaApartmaný.OsmangazI/Bursa','45093');
Insert into ECZANE.CALISAN_ADRESLER (ADRES,TC) values ('MaksemMah.AbdullahSok.BalamIrApartmaný.OsmangazI/Bursa','36901');
Insert into ECZANE.CALISAN_ADRESLER (ADRES,TC) values ('YUNUSELIMAH.KORKUTAPARTMANI.OSMANGAZI/BURSA','36921');
Insert into ECZANE.CALISAN_ADRESLER (ADRES,TC) values ('YUNUSELIM','36911');
REM INSERTING into ECZANE.CALISANLAR
SET DEFINE OFF;
Insert into ECZANE.CALISANLAR ("ÇALIÞAN_ID",AD,SOYAD,TC,TEL,ADRES,"MAAÞ") values ('1','SInan','Karadag','36278','5544238997','KaramanMah.KarabasSok.BayramApartmaný.NIlüfer/Bursa','3000');
Insert into ECZANE.CALISANLAR ("ÇALIÞAN_ID",AD,SOYAD,TC,TEL,ADRES,"MAAÞ") values ('2','SInan','Karadag','36278','2244234060','KaramanMah.KarabasSok.BayramApartmaný.NIlüfer/Bursa','3000');
Insert into ECZANE.CALISANLAR ("ÇALIÞAN_ID",AD,SOYAD,TC,TEL,ADRES,"MAAÞ") values ('3','HüseyIn','Karaca','45424','5576932423','DIkkaldýrýmMah.VelISok.DevletApartmaný.OsmangazI/Bursa','3200');
Insert into ECZANE.CALISANLAR ("ÇALIÞAN_ID",AD,SOYAD,TC,TEL,ADRES,"MAAÞ") values ('4','Hasan','Karaca','45093','5392168752','DIkkaldýrýmMah.MustafaSok.KImyaApartmaný.OsmangazI/Bursa','3100');
Insert into ECZANE.CALISANLAR ("ÇALIÞAN_ID",AD,SOYAD,TC,TEL,ADRES,"MAAÞ") values ('5','Hasan','Karaca','45093','2242558160','DIkkaldýrýmMah.MustafaSok.KImyaApartmaný.OsmangazI/Bursa','3100');
Insert into ECZANE.CALISANLAR ("ÇALIÞAN_ID",AD,SOYAD,TC,TEL,ADRES,"MAAÞ") values ('6','Adnan','Agar','36901','2242594112','MaksemMah.AbdullahSok.BalamIrApartmaný.OsmangazI/Bursa','3300');
Insert into ECZANE.CALISANLAR ("ÇALIÞAN_ID",AD,SOYAD,TC,TEL,ADRES,"MAAÞ") values ('7','Adnan','Agar','36901','5636260652','MaksemMah.AbdullahSok.BalamIrApartmaný.OsmangazI/Bursa','3300');
Insert into ECZANE.CALISANLAR ("ÇALIÞAN_ID",AD,SOYAD,TC,TEL,ADRES,"MAAÞ") values ('8','VELI','KISA','36911','5544238987','YUNUSELIMAH.ERGENEKONAPARTMANI.OSMANGAZI/BURSA','3150');
REM INSERTING into ECZANE.HASTAADRESLER
SET DEFINE OFF;
Insert into ECZANE.HASTAADRESLER (TC,ADRES,DYERI) values ('29368','YüzüncüyýlMah.DramaSok.BerkInSItesI.CBlok.NIlüfer/Bursa','Bursa');
Insert into ECZANE.HASTAADRESLER (TC,ADRES,DYERI) values ('21122','YüzüncüyýlMah.DramaSok.BerkInSItesI.ABlok.NIlüfer/Bursa','Bursa');
Insert into ECZANE.HASTAADRESLER (TC,ADRES,DYERI) values ('21114','SakaryaMah.SenerApartmaný.OsmangazI/Bursa','Bursa');
Insert into ECZANE.HASTAADRESLER (TC,ADRES,DYERI) values ('21875','PertevSitesI.SelanIkSokak.MehmetApartmaný.PendIk/Istanbul','KocaelI');
Insert into ECZANE.HASTAADRESLER (TC,ADRES,DYERI) values ('35431','FatIhSultanMehmetBulvarý.NerImanApartmaný.NIlüfer/Bursa','ManIsa');
Insert into ECZANE.HASTAADRESLER (TC,ADRES,DYERI) values ('21159','TOKIKonutlarý.AlparslanApartmaný.Adapazarý/Sakarya','EdIrne');
Insert into ECZANE.HASTAADRESLER (TC,ADRES,DYERI) values ('35441','MuradIye Mah KaramanogluApartmaný OsmangazI/Bursa','BulgarIstan');
REM INSERTING into ECZANE.HASTALIK
SET DEFINE OFF;
Insert into ECZANE.HASTALIK (HASTALIK_ID,HASTALIGI) values ('1','AlerjI');
Insert into ECZANE.HASTALIK (HASTALIK_ID,HASTALIGI) values ('2','Zona');
Insert into ECZANE.HASTALIK (HASTALIK_ID,HASTALIGI) values ('3','GrIp');
Insert into ECZANE.HASTALIK (HASTALIK_ID,HASTALIGI) values ('4','Egzema');
Insert into ECZANE.HASTALIK (HASTALIK_ID,HASTALIGI) values ('5','DIyabet');
REM INSERTING into ECZANE.ILACLAR
SET DEFINE OFF;
Insert into ECZANE.ILACLAR (IL_ID,AL_ILAC) values ('1','Desmont');
Insert into ECZANE.ILACLAR (IL_ID,AL_ILAC) values ('2','IliadIn');
Insert into ECZANE.ILACLAR (IL_ID,AL_ILAC) values ('3','SymbIacort');
Insert into ECZANE.ILACLAR (IL_ID,AL_ILAC) values ('4','Zostavax');
Insert into ECZANE.ILACLAR (IL_ID,AL_ILAC) values ('5','A-ferIn');
Insert into ECZANE.ILACLAR (IL_ID,AL_ILAC) values ('6','Bepanthol');
Insert into ECZANE.ILACLAR (IL_ID,AL_ILAC) values ('7','MetformIn');
REM INSERTING into ECZANE.LOGKAYDI
SET DEFINE OFF;
Insert into ECZANE.LOGKAYDI (TC,LOGKAYDI,TARIH) values (null,null,null);
Insert into ECZANE.LOGKAYDI (TC,LOGKAYDI,TARIH) values ('36911',null,null);
Insert into ECZANE.LOGKAYDI (TC,LOGKAYDI,TARIH) values ('36911','YUNUSELIM',to_date('05/06/2021','DD/MM/RRRR'));
REM INSERTING into ECZANE.MAASLAR
SET DEFINE OFF;
Insert into ECZANE.MAASLAR (TC,MAAS) values ('36278','3000');
Insert into ECZANE.MAASLAR (TC,MAAS) values ('45424','3200');
Insert into ECZANE.MAASLAR (TC,MAAS) values ('45093','3100');
Insert into ECZANE.MAASLAR (TC,MAAS) values ('36901','3300');
Insert into ECZANE.MAASLAR (TC,MAAS) values ('36911','3150');
REM INSERTING into ECZANE.MUSTERILER
SET DEFINE OFF;
Insert into ECZANE.MUSTERILER (HASTA_ID,HASTAADI,HASTASOYADI,TC,DYERI,ADRES,TEL,HASTALIGI,AL_ILAC,SOSYAL_GUVENCE) values ('1','Berkay','Sener','29368','Bursa','YüzüncüyýlMah.DramaSok.BerkInSitesI.CBlok.NIlüfer/Bursa','2244132870','1','1','Yok');
Insert into ECZANE.MUSTERILER (HASTA_ID,HASTAADI,HASTASOYADI,TC,DYERI,ADRES,TEL,HASTALIGI,AL_ILAC,SOSYAL_GUVENCE) values ('2','Berkay','Sener','29368','Bursa','YüzüncüyýlMah.DramaSok.BerkInSItesI.CBlok.NIlüfer/Bursa','5386262254','1','2','Yok');
Insert into ECZANE.MUSTERILER (HASTA_ID,HASTAADI,HASTASOYADI,TC,DYERI,ADRES,TEL,HASTALIGI,AL_ILAC,SOSYAL_GUVENCE) values ('3','HatIce','Sener','21122','Bursa','YüzüncüyýlMah.DramaSok.BerkInSItesi.ABlok.NIlüfer/Bursa','2244132871','1','3','Var');
Insert into ECZANE.MUSTERILER (HASTA_ID,HASTAADI,HASTASOYADI,TC,DYERI,ADRES,TEL,HASTALIGI,AL_ILAC,SOSYAL_GUVENCE) values ('4','Hatýce','Sener','21122','Bursa','YüzüncüyýlMah.DramaSok.BerkInSItesI.ABlok.NIlüfer/Bursa','5386262250','1','1','Var');
Insert into ECZANE.MUSTERILER (HASTA_ID,HASTAADI,HASTASOYADI,TC,DYERI,ADRES,TEL,HASTALIGI,AL_ILAC,SOSYAL_GUVENCE) values ('5','Ahmet','Sener','21114','Bursa','SakaryaMah.SenerApartmaný.OsmangazI/Bursa','2242552143','2','4','Var');
Insert into ECZANE.MUSTERILER (HASTA_ID,HASTAADI,HASTASOYADI,TC,DYERI,ADRES,TEL,HASTALIGI,AL_ILAC,SOSYAL_GUVENCE) values ('6','Ahmet','Sener','21114','Bursa','SakaryaMah.SenerApartmaný.OsmangazI/Bursa','5359574931','3','5','Var');
Insert into ECZANE.MUSTERILER (HASTA_ID,HASTAADI,HASTASOYADI,TC,DYERI,ADRES,TEL,HASTALIGI,AL_ILAC,SOSYAL_GUVENCE) values ('7','Osman','Sener','21875','KocaelI','PertevSItesi.SelanIkSokak.MehmetApartmaný.PendIk/Istanbul','5357976867','3','5','Var');
Insert into ECZANE.MUSTERILER (HASTA_ID,HASTAADI,HASTASOYADI,TC,DYERI,ADRES,TEL,HASTALIGI,AL_ILAC,SOSYAL_GUVENCE) values ('8','Tansu','Aydýn','35431','ManIsa','FatIhSultanMehmetBulvarý.NerImanApartmaný.NIlüfer/Bursa','2244247759','4','6','Var');
Insert into ECZANE.MUSTERILER (HASTA_ID,HASTAADI,HASTASOYADI,TC,DYERI,ADRES,TEL,HASTALIGI,AL_ILAC,SOSYAL_GUVENCE) values ('9','Tansu','Aydýn','35431','ManIsa','FatIhSultanMehmetBulvarý.NerImanApartmaný.NIlüfer/Bursa','5389510097','5','7','Var');
Insert into ECZANE.MUSTERILER (HASTA_ID,HASTAADI,HASTASOYADI,TC,DYERI,ADRES,TEL,HASTALIGI,AL_ILAC,SOSYAL_GUVENCE) values ('10','SaIme','Akar','21159','EdIrne','TOKIKonutlarý.AlparslanApartmaný.Adapazarý/Sakarya','5443411635','5','7','Var');
Insert into ECZANE.MUSTERILER (HASTA_ID,HASTAADI,HASTASOYADI,TC,DYERI,ADRES,TEL,HASTALIGI,AL_ILAC,SOSYAL_GUVENCE) values ('11','Tuba','Aydýn','35441','BulgarIstan','MuradIye Mah KaramanogluApartmaný OsmangazI/Bursa','5389517087','3','5','Var');
REM INSERTING into ECZANE."NORMALIZEEDÝLMEMÝÞ_TABLO"
SET DEFINE OFF;
Insert into ECZANE."NORMALIZEEDÝLMEMÝÞ_TABLO" (HASTAADI,HASTASOYADI,TC,DYERI,ADRES,EV_TEL,CEP_TEL,HASTALIGI,AL_ILAC,SOSYAL_GUVENCE) values ('Berkay','Þener','29368','Bursa','Yüzüncüyýl Mah.Nilüfer/Bursa','2244132870','5386262254','Alerji','Desmont','Yok');
Insert into ECZANE."NORMALIZEEDÝLMEMÝÞ_TABLO" (HASTAADI,HASTASOYADI,TC,DYERI,ADRES,EV_TEL,CEP_TEL,HASTALIGI,AL_ILAC,SOSYAL_GUVENCE) values ('Hatice','Þener','21122','Bursa','Yüzüncüyýl Mah.Berkin Sitesi.Nilüfer/Bursa','2244132871','5386262250','Alerji','Symbiacort','Var');
Insert into ECZANE."NORMALIZEEDÝLMEMÝÞ_TABLO" (HASTAADI,HASTASOYADI,TC,DYERI,ADRES,EV_TEL,CEP_TEL,HASTALIGI,AL_ILAC,SOSYAL_GUVENCE) values ('Ahmet','Þener','21114','Bursa','Sakarya Mah.Þener Apartmaný.Osmangazi/Bursa','2242552143','5359574931','Zona','Zostavax','Var');
Insert into ECZANE."NORMALIZEEDÝLMEMÝÞ_TABLO" (HASTAADI,HASTASOYADI,TC,DYERI,ADRES,EV_TEL,CEP_TEL,HASTALIGI,AL_ILAC,SOSYAL_GUVENCE) values ('Osman','Þener','21875','Kocaeli','Pertev Sitesi.Selanik Sokak.Pendik/Ýstanbul',null,'5357976867','Grip','A-ferin','Var');
Insert into ECZANE."NORMALIZEEDÝLMEMÝÞ_TABLO" (HASTAADI,HASTASOYADI,TC,DYERI,ADRES,EV_TEL,CEP_TEL,HASTALIGI,AL_ILAC,SOSYAL_GUVENCE) values ('Tansu','Aydýn','35431','Manisa','FatihSultanMehmet Bulvarý.Nilüfer/Bursa','2244247759','5389510097','Egzema','Bepanthol','Var');
Insert into ECZANE."NORMALIZEEDÝLMEMÝÞ_TABLO" (HASTAADI,HASTASOYADI,TC,DYERI,ADRES,EV_TEL,CEP_TEL,HASTALIGI,AL_ILAC,SOSYAL_GUVENCE) values ('Saime','Akar','21159','Edirne','TOKÝ Konutlarý.Adapazarý/Sakarya',null,null,'Diyabet','Metformin','Var');
REM INSERTING into ECZANE.CALISANILETISIM
SET DEFINE OFF;
Insert into ECZANE.CALISANILETISIM (AD,SOYAD,TEL) values ('SInan','Karadag','5544238997');
Insert into ECZANE.CALISANILETISIM (AD,SOYAD,TEL) values ('SInan','Karadag','2244234060');
Insert into ECZANE.CALISANILETISIM (AD,SOYAD,TEL) values ('HüseyIn','Karaca','5576932423');
Insert into ECZANE.CALISANILETISIM (AD,SOYAD,TEL) values ('Hasan','Karaca','5392168752');
Insert into ECZANE.CALISANILETISIM (AD,SOYAD,TEL) values ('Hasan','Karaca','2242558160');
Insert into ECZANE.CALISANILETISIM (AD,SOYAD,TEL) values ('Adnan','Agar','2242594112');
Insert into ECZANE.CALISANILETISIM (AD,SOYAD,TEL) values ('Adnan','Agar','5636260652');
Insert into ECZANE.CALISANILETISIM (AD,SOYAD,TEL) values ('VELI','KISA','5544238987');
REM INSERTING into ECZANE.HASTADURUMLARI
SET DEFINE OFF;
Insert into ECZANE.HASTADURUMLARI (HASTAADI,HASTASOYADI,ADRES,SOSYAL_GUVENCE,AL_ILAC) values ('Hatýce','Sener','YüzüncüyýlMah.DramaSok.BerkInSItesI.ABlok.NIlüfer/Bursa','Var','Desmont');
Insert into ECZANE.HASTADURUMLARI (HASTAADI,HASTASOYADI,ADRES,SOSYAL_GUVENCE,AL_ILAC) values ('Berkay','Sener','YüzüncüyýlMah.DramaSok.BerkInSitesI.CBlok.NIlüfer/Bursa','Yok','Desmont');
Insert into ECZANE.HASTADURUMLARI (HASTAADI,HASTASOYADI,ADRES,SOSYAL_GUVENCE,AL_ILAC) values ('Berkay','Sener','YüzüncüyýlMah.DramaSok.BerkInSItesI.CBlok.NIlüfer/Bursa','Yok','IliadIn');
Insert into ECZANE.HASTADURUMLARI (HASTAADI,HASTASOYADI,ADRES,SOSYAL_GUVENCE,AL_ILAC) values ('HatIce','Sener','YüzüncüyýlMah.DramaSok.BerkInSItesi.ABlok.NIlüfer/Bursa','Var','SymbIacort');
Insert into ECZANE.HASTADURUMLARI (HASTAADI,HASTASOYADI,ADRES,SOSYAL_GUVENCE,AL_ILAC) values ('Ahmet','Sener','SakaryaMah.SenerApartmaný.OsmangazI/Bursa','Var','Zostavax');
Insert into ECZANE.HASTADURUMLARI (HASTAADI,HASTASOYADI,ADRES,SOSYAL_GUVENCE,AL_ILAC) values ('Tuba','Aydýn','MuradIye Mah KaramanogluApartmaný OsmangazI/Bursa','Var','A-ferIn');
Insert into ECZANE.HASTADURUMLARI (HASTAADI,HASTASOYADI,ADRES,SOSYAL_GUVENCE,AL_ILAC) values ('Osman','Sener','PertevSItesi.SelanIkSokak.MehmetApartmaný.PendIk/Istanbul','Var','A-ferIn');
Insert into ECZANE.HASTADURUMLARI (HASTAADI,HASTASOYADI,ADRES,SOSYAL_GUVENCE,AL_ILAC) values ('Ahmet','Sener','SakaryaMah.SenerApartmaný.OsmangazI/Bursa','Var','A-ferIn');
Insert into ECZANE.HASTADURUMLARI (HASTAADI,HASTASOYADI,ADRES,SOSYAL_GUVENCE,AL_ILAC) values ('Tansu','Aydýn','FatIhSultanMehmetBulvarý.NerImanApartmaný.NIlüfer/Bursa','Var','Bepanthol');
Insert into ECZANE.HASTADURUMLARI (HASTAADI,HASTASOYADI,ADRES,SOSYAL_GUVENCE,AL_ILAC) values ('SaIme','Akar','TOKIKonutlarý.AlparslanApartmaný.Adapazarý/Sakarya','Var','MetformIn');
Insert into ECZANE.HASTADURUMLARI (HASTAADI,HASTASOYADI,ADRES,SOSYAL_GUVENCE,AL_ILAC) values ('Tansu','Aydýn','FatIhSultanMehmetBulvarý.NerImanApartmaný.NIlüfer/Bursa','Var','MetformIn');
--------------------------------------------------------
--  DDL for Index CALISAN_ADRESLER_PK
--------------------------------------------------------

  CREATE UNIQUE INDEX "ECZANE"."CALISAN_ADRESLER_PK" ON "ECZANE"."CALISAN_ADRESLER" ("TC") 
  PCTFREE 10 INITRANS 2 MAXTRANS 255 COMPUTE STATISTICS 
  STORAGE(INITIAL 65536 NEXT 1048576 MINEXTENTS 1 MAXEXTENTS 2147483645
  PCTINCREASE 0 FREELISTS 1 FREELIST GROUPS 1 BUFFER_POOL DEFAULT FLASH_CACHE DEFAULT CELL_FLASH_CACHE DEFAULT)
  TABLESPACE "ECZANE" ;
--------------------------------------------------------
--  DDL for Index CALISAN_ADRESLER_UK1
--------------------------------------------------------

  CREATE UNIQUE INDEX "ECZANE"."CALISAN_ADRESLER_UK1" ON "ECZANE"."CALISAN_ADRESLER" ("ADRES") 
  PCTFREE 10 INITRANS 2 MAXTRANS 255 COMPUTE STATISTICS 
  STORAGE(INITIAL 65536 NEXT 1048576 MINEXTENTS 1 MAXEXTENTS 2147483645
  PCTINCREASE 0 FREELISTS 1 FREELIST GROUPS 1 BUFFER_POOL DEFAULT FLASH_CACHE DEFAULT CELL_FLASH_CACHE DEFAULT)
  TABLESPACE "ECZANE" ;
--------------------------------------------------------
--  DDL for Index CALISANLAR_UK1
--------------------------------------------------------

  CREATE UNIQUE INDEX "ECZANE"."CALISANLAR_UK1" ON "ECZANE"."CALISANLAR" ("AD", "SOYAD", "TC", "TEL", "ADRES", "MAAÞ") 
  PCTFREE 10 INITRANS 2 MAXTRANS 255 COMPUTE STATISTICS 
  STORAGE(INITIAL 65536 NEXT 1048576 MINEXTENTS 1 MAXEXTENTS 2147483645
  PCTINCREASE 0 FREELISTS 1 FREELIST GROUPS 1 BUFFER_POOL DEFAULT FLASH_CACHE DEFAULT CELL_FLASH_CACHE DEFAULT)
  TABLESPACE "ECZANE" ;
--------------------------------------------------------
--  DDL for Index HASTAADRESLER_UK1
--------------------------------------------------------

  CREATE UNIQUE INDEX "ECZANE"."HASTAADRESLER_UK1" ON "ECZANE"."HASTAADRESLER" ("ADRES", "DYERI") 
  PCTFREE 10 INITRANS 2 MAXTRANS 255 COMPUTE STATISTICS 
  STORAGE(INITIAL 65536 NEXT 1048576 MINEXTENTS 1 MAXEXTENTS 2147483645
  PCTINCREASE 0 FREELISTS 1 FREELIST GROUPS 1 BUFFER_POOL DEFAULT FLASH_CACHE DEFAULT CELL_FLASH_CACHE DEFAULT)
  TABLESPACE "ECZANE" ;
--------------------------------------------------------
--  DDL for Index HASTALIK_UK1
--------------------------------------------------------

  CREATE UNIQUE INDEX "ECZANE"."HASTALIK_UK1" ON "ECZANE"."HASTALIK" ("HASTALIGI") 
  PCTFREE 10 INITRANS 2 MAXTRANS 255 COMPUTE STATISTICS 
  STORAGE(INITIAL 65536 NEXT 1048576 MINEXTENTS 1 MAXEXTENTS 2147483645
  PCTINCREASE 0 FREELISTS 1 FREELIST GROUPS 1 BUFFER_POOL DEFAULT FLASH_CACHE DEFAULT CELL_FLASH_CACHE DEFAULT)
  TABLESPACE "ECZANE" ;
--------------------------------------------------------
--  DDL for Index ILACLAR_UK1
--------------------------------------------------------

  CREATE UNIQUE INDEX "ECZANE"."ILACLAR_UK1" ON "ECZANE"."ILACLAR" ("AL_ILAC") 
  PCTFREE 10 INITRANS 2 MAXTRANS 255 COMPUTE STATISTICS 
  STORAGE(INITIAL 65536 NEXT 1048576 MINEXTENTS 1 MAXEXTENTS 2147483645
  PCTINCREASE 0 FREELISTS 1 FREELIST GROUPS 1 BUFFER_POOL DEFAULT FLASH_CACHE DEFAULT CELL_FLASH_CACHE DEFAULT)
  TABLESPACE "ECZANE" ;
--------------------------------------------------------
--  DDL for Index MAASLAR_UK1
--------------------------------------------------------

  CREATE UNIQUE INDEX "ECZANE"."MAASLAR_UK1" ON "ECZANE"."MAASLAR" ("MAAS") 
  PCTFREE 10 INITRANS 2 MAXTRANS 255 COMPUTE STATISTICS 
  STORAGE(INITIAL 65536 NEXT 1048576 MINEXTENTS 1 MAXEXTENTS 2147483645
  PCTINCREASE 0 FREELISTS 1 FREELIST GROUPS 1 BUFFER_POOL DEFAULT FLASH_CACHE DEFAULT CELL_FLASH_CACHE DEFAULT)
  TABLESPACE "ECZANE" ;
--------------------------------------------------------
--  DDL for Index MUSTERILER_HASTATEL_IDX
--------------------------------------------------------

  CREATE INDEX "ECZANE"."MUSTERILER_HASTATEL_IDX" ON "ECZANE"."MUSTERILER" ("TEL") 
  PCTFREE 10 INITRANS 2 MAXTRANS 255 COMPUTE STATISTICS 
  STORAGE(INITIAL 65536 NEXT 1048576 MINEXTENTS 1 MAXEXTENTS 2147483645
  PCTINCREASE 0 FREELISTS 1 FREELIST GROUPS 1 BUFFER_POOL DEFAULT FLASH_CACHE DEFAULT CELL_FLASH_CACHE DEFAULT)
  TABLESPACE "ECZANE" ;
--------------------------------------------------------
--  DDL for Index MUSTERILER_SICK_IDX
--------------------------------------------------------

  CREATE INDEX "ECZANE"."MUSTERILER_SICK_IDX" ON "ECZANE"."MUSTERILER" ("HASTALIGI", "AL_ILAC") 
  PCTFREE 10 INITRANS 2 MAXTRANS 255 COMPUTE STATISTICS 
  STORAGE(INITIAL 65536 NEXT 1048576 MINEXTENTS 1 MAXEXTENTS 2147483645
  PCTINCREASE 0 FREELISTS 1 FREELIST GROUPS 1 BUFFER_POOL DEFAULT FLASH_CACHE DEFAULT CELL_FLASH_CACHE DEFAULT)
  TABLESPACE "ECZANE" ;
--------------------------------------------------------
--  DDL for Index MUSTERILER_UK1
--------------------------------------------------------

  CREATE UNIQUE INDEX "ECZANE"."MUSTERILER_UK1" ON "ECZANE"."MUSTERILER" ("HASTAADI", "HASTASOYADI", "TC", "DYERI", "ADRES", "TEL", "HASTALIGI", "AL_ILAC", "SOSYAL_GUVENCE") 
  PCTFREE 10 INITRANS 2 MAXTRANS 255 COMPUTE STATISTICS 
  STORAGE(INITIAL 65536 NEXT 1048576 MINEXTENTS 1 MAXEXTENTS 2147483645
  PCTINCREASE 0 FREELISTS 1 FREELIST GROUPS 1 BUFFER_POOL DEFAULT FLASH_CACHE DEFAULT CELL_FLASH_CACHE DEFAULT)
  TABLESPACE "ECZANE" ;
--------------------------------------------------------
--  DDL for Index SYS_C007105
--------------------------------------------------------

  CREATE UNIQUE INDEX "ECZANE"."SYS_C007105" ON "ECZANE"."MUSTERILER" ("HASTA_ID") 
  PCTFREE 10 INITRANS 2 MAXTRANS 255 COMPUTE STATISTICS 
  STORAGE(INITIAL 65536 NEXT 1048576 MINEXTENTS 1 MAXEXTENTS 2147483645
  PCTINCREASE 0 FREELISTS 1 FREELIST GROUPS 1 BUFFER_POOL DEFAULT FLASH_CACHE DEFAULT CELL_FLASH_CACHE DEFAULT)
  TABLESPACE "ECZANE" ;
--------------------------------------------------------
--  DDL for Index SYS_C007106
--------------------------------------------------------

  CREATE UNIQUE INDEX "ECZANE"."SYS_C007106" ON "ECZANE"."HASTAADRESLER" ("TC") 
  PCTFREE 10 INITRANS 2 MAXTRANS 255 COMPUTE STATISTICS 
  STORAGE(INITIAL 65536 NEXT 1048576 MINEXTENTS 1 MAXEXTENTS 2147483645
  PCTINCREASE 0 FREELISTS 1 FREELIST GROUPS 1 BUFFER_POOL DEFAULT FLASH_CACHE DEFAULT CELL_FLASH_CACHE DEFAULT)
  TABLESPACE "ECZANE" ;
--------------------------------------------------------
--  DDL for Index SYS_C007107
--------------------------------------------------------

  CREATE UNIQUE INDEX "ECZANE"."SYS_C007107" ON "ECZANE"."HASTALIK" ("HASTALIK_ID") 
  PCTFREE 10 INITRANS 2 MAXTRANS 255 COMPUTE STATISTICS 
  STORAGE(INITIAL 65536 NEXT 1048576 MINEXTENTS 1 MAXEXTENTS 2147483645
  PCTINCREASE 0 FREELISTS 1 FREELIST GROUPS 1 BUFFER_POOL DEFAULT FLASH_CACHE DEFAULT CELL_FLASH_CACHE DEFAULT)
  TABLESPACE "ECZANE" ;
--------------------------------------------------------
--  DDL for Index SYS_C007108
--------------------------------------------------------

  CREATE UNIQUE INDEX "ECZANE"."SYS_C007108" ON "ECZANE"."ILACLAR" ("IL_ID") 
  PCTFREE 10 INITRANS 2 MAXTRANS 255 COMPUTE STATISTICS 
  STORAGE(INITIAL 65536 NEXT 1048576 MINEXTENTS 1 MAXEXTENTS 2147483645
  PCTINCREASE 0 FREELISTS 1 FREELIST GROUPS 1 BUFFER_POOL DEFAULT FLASH_CACHE DEFAULT CELL_FLASH_CACHE DEFAULT)
  TABLESPACE "ECZANE" ;
--------------------------------------------------------
--  DDL for Index SYS_C007109
--------------------------------------------------------

  CREATE UNIQUE INDEX "ECZANE"."SYS_C007109" ON "ECZANE"."CALISANLAR" ("ÇALIÞAN_ID") 
  PCTFREE 10 INITRANS 2 MAXTRANS 255 COMPUTE STATISTICS 
  STORAGE(INITIAL 65536 NEXT 1048576 MINEXTENTS 1 MAXEXTENTS 2147483645
  PCTINCREASE 0 FREELISTS 1 FREELIST GROUPS 1 BUFFER_POOL DEFAULT FLASH_CACHE DEFAULT CELL_FLASH_CACHE DEFAULT)
  TABLESPACE "ECZANE" ;
--------------------------------------------------------
--  DDL for Index SYS_C007111
--------------------------------------------------------

  CREATE UNIQUE INDEX "ECZANE"."SYS_C007111" ON "ECZANE"."MAASLAR" ("TC") 
  PCTFREE 10 INITRANS 2 MAXTRANS 255 COMPUTE STATISTICS 
  STORAGE(INITIAL 65536 NEXT 1048576 MINEXTENTS 1 MAXEXTENTS 2147483645
  PCTINCREASE 0 FREELISTS 1 FREELIST GROUPS 1 BUFFER_POOL DEFAULT FLASH_CACHE DEFAULT CELL_FLASH_CACHE DEFAULT)
  TABLESPACE "ECZANE" ;
--------------------------------------------------------
--  DDL for Index CALISAN_ADRESLER_PK
--------------------------------------------------------

  CREATE UNIQUE INDEX "ECZANE"."CALISAN_ADRESLER_PK" ON "ECZANE"."CALISAN_ADRESLER" ("TC") 
  PCTFREE 10 INITRANS 2 MAXTRANS 255 COMPUTE STATISTICS 
  STORAGE(INITIAL 65536 NEXT 1048576 MINEXTENTS 1 MAXEXTENTS 2147483645
  PCTINCREASE 0 FREELISTS 1 FREELIST GROUPS 1 BUFFER_POOL DEFAULT FLASH_CACHE DEFAULT CELL_FLASH_CACHE DEFAULT)
  TABLESPACE "ECZANE" ;
--------------------------------------------------------
--  DDL for Index CALISAN_ADRESLER_UK1
--------------------------------------------------------

  CREATE UNIQUE INDEX "ECZANE"."CALISAN_ADRESLER_UK1" ON "ECZANE"."CALISAN_ADRESLER" ("ADRES") 
  PCTFREE 10 INITRANS 2 MAXTRANS 255 COMPUTE STATISTICS 
  STORAGE(INITIAL 65536 NEXT 1048576 MINEXTENTS 1 MAXEXTENTS 2147483645
  PCTINCREASE 0 FREELISTS 1 FREELIST GROUPS 1 BUFFER_POOL DEFAULT FLASH_CACHE DEFAULT CELL_FLASH_CACHE DEFAULT)
  TABLESPACE "ECZANE" ;
--------------------------------------------------------
--  DDL for Index SYS_C007109
--------------------------------------------------------

  CREATE UNIQUE INDEX "ECZANE"."SYS_C007109" ON "ECZANE"."CALISANLAR" ("ÇALIÞAN_ID") 
  PCTFREE 10 INITRANS 2 MAXTRANS 255 COMPUTE STATISTICS 
  STORAGE(INITIAL 65536 NEXT 1048576 MINEXTENTS 1 MAXEXTENTS 2147483645
  PCTINCREASE 0 FREELISTS 1 FREELIST GROUPS 1 BUFFER_POOL DEFAULT FLASH_CACHE DEFAULT CELL_FLASH_CACHE DEFAULT)
  TABLESPACE "ECZANE" ;
--------------------------------------------------------
--  DDL for Index CALISANLAR_UK1
--------------------------------------------------------

  CREATE UNIQUE INDEX "ECZANE"."CALISANLAR_UK1" ON "ECZANE"."CALISANLAR" ("AD", "SOYAD", "TC", "TEL", "ADRES", "MAAÞ") 
  PCTFREE 10 INITRANS 2 MAXTRANS 255 COMPUTE STATISTICS 
  STORAGE(INITIAL 65536 NEXT 1048576 MINEXTENTS 1 MAXEXTENTS 2147483645
  PCTINCREASE 0 FREELISTS 1 FREELIST GROUPS 1 BUFFER_POOL DEFAULT FLASH_CACHE DEFAULT CELL_FLASH_CACHE DEFAULT)
  TABLESPACE "ECZANE" ;
--------------------------------------------------------
--  DDL for Index SYS_C007106
--------------------------------------------------------

  CREATE UNIQUE INDEX "ECZANE"."SYS_C007106" ON "ECZANE"."HASTAADRESLER" ("TC") 
  PCTFREE 10 INITRANS 2 MAXTRANS 255 COMPUTE STATISTICS 
  STORAGE(INITIAL 65536 NEXT 1048576 MINEXTENTS 1 MAXEXTENTS 2147483645
  PCTINCREASE 0 FREELISTS 1 FREELIST GROUPS 1 BUFFER_POOL DEFAULT FLASH_CACHE DEFAULT CELL_FLASH_CACHE DEFAULT)
  TABLESPACE "ECZANE" ;
--------------------------------------------------------
--  DDL for Index HASTAADRESLER_UK1
--------------------------------------------------------

  CREATE UNIQUE INDEX "ECZANE"."HASTAADRESLER_UK1" ON "ECZANE"."HASTAADRESLER" ("ADRES", "DYERI") 
  PCTFREE 10 INITRANS 2 MAXTRANS 255 COMPUTE STATISTICS 
  STORAGE(INITIAL 65536 NEXT 1048576 MINEXTENTS 1 MAXEXTENTS 2147483645
  PCTINCREASE 0 FREELISTS 1 FREELIST GROUPS 1 BUFFER_POOL DEFAULT FLASH_CACHE DEFAULT CELL_FLASH_CACHE DEFAULT)
  TABLESPACE "ECZANE" ;
--------------------------------------------------------
--  DDL for Index SYS_C007107
--------------------------------------------------------

  CREATE UNIQUE INDEX "ECZANE"."SYS_C007107" ON "ECZANE"."HASTALIK" ("HASTALIK_ID") 
  PCTFREE 10 INITRANS 2 MAXTRANS 255 COMPUTE STATISTICS 
  STORAGE(INITIAL 65536 NEXT 1048576 MINEXTENTS 1 MAXEXTENTS 2147483645
  PCTINCREASE 0 FREELISTS 1 FREELIST GROUPS 1 BUFFER_POOL DEFAULT FLASH_CACHE DEFAULT CELL_FLASH_CACHE DEFAULT)
  TABLESPACE "ECZANE" ;
--------------------------------------------------------
--  DDL for Index HASTALIK_UK1
--------------------------------------------------------

  CREATE UNIQUE INDEX "ECZANE"."HASTALIK_UK1" ON "ECZANE"."HASTALIK" ("HASTALIGI") 
  PCTFREE 10 INITRANS 2 MAXTRANS 255 COMPUTE STATISTICS 
  STORAGE(INITIAL 65536 NEXT 1048576 MINEXTENTS 1 MAXEXTENTS 2147483645
  PCTINCREASE 0 FREELISTS 1 FREELIST GROUPS 1 BUFFER_POOL DEFAULT FLASH_CACHE DEFAULT CELL_FLASH_CACHE DEFAULT)
  TABLESPACE "ECZANE" ;
--------------------------------------------------------
--  DDL for Index SYS_C007108
--------------------------------------------------------

  CREATE UNIQUE INDEX "ECZANE"."SYS_C007108" ON "ECZANE"."ILACLAR" ("IL_ID") 
  PCTFREE 10 INITRANS 2 MAXTRANS 255 COMPUTE STATISTICS 
  STORAGE(INITIAL 65536 NEXT 1048576 MINEXTENTS 1 MAXEXTENTS 2147483645
  PCTINCREASE 0 FREELISTS 1 FREELIST GROUPS 1 BUFFER_POOL DEFAULT FLASH_CACHE DEFAULT CELL_FLASH_CACHE DEFAULT)
  TABLESPACE "ECZANE" ;
--------------------------------------------------------
--  DDL for Index ILACLAR_UK1
--------------------------------------------------------

  CREATE UNIQUE INDEX "ECZANE"."ILACLAR_UK1" ON "ECZANE"."ILACLAR" ("AL_ILAC") 
  PCTFREE 10 INITRANS 2 MAXTRANS 255 COMPUTE STATISTICS 
  STORAGE(INITIAL 65536 NEXT 1048576 MINEXTENTS 1 MAXEXTENTS 2147483645
  PCTINCREASE 0 FREELISTS 1 FREELIST GROUPS 1 BUFFER_POOL DEFAULT FLASH_CACHE DEFAULT CELL_FLASH_CACHE DEFAULT)
  TABLESPACE "ECZANE" ;
--------------------------------------------------------
--  DDL for Index SYS_C007111
--------------------------------------------------------

  CREATE UNIQUE INDEX "ECZANE"."SYS_C007111" ON "ECZANE"."MAASLAR" ("TC") 
  PCTFREE 10 INITRANS 2 MAXTRANS 255 COMPUTE STATISTICS 
  STORAGE(INITIAL 65536 NEXT 1048576 MINEXTENTS 1 MAXEXTENTS 2147483645
  PCTINCREASE 0 FREELISTS 1 FREELIST GROUPS 1 BUFFER_POOL DEFAULT FLASH_CACHE DEFAULT CELL_FLASH_CACHE DEFAULT)
  TABLESPACE "ECZANE" ;
--------------------------------------------------------
--  DDL for Index MAASLAR_UK1
--------------------------------------------------------

  CREATE UNIQUE INDEX "ECZANE"."MAASLAR_UK1" ON "ECZANE"."MAASLAR" ("MAAS") 
  PCTFREE 10 INITRANS 2 MAXTRANS 255 COMPUTE STATISTICS 
  STORAGE(INITIAL 65536 NEXT 1048576 MINEXTENTS 1 MAXEXTENTS 2147483645
  PCTINCREASE 0 FREELISTS 1 FREELIST GROUPS 1 BUFFER_POOL DEFAULT FLASH_CACHE DEFAULT CELL_FLASH_CACHE DEFAULT)
  TABLESPACE "ECZANE" ;
--------------------------------------------------------
--  DDL for Index SYS_C007105
--------------------------------------------------------

  CREATE UNIQUE INDEX "ECZANE"."SYS_C007105" ON "ECZANE"."MUSTERILER" ("HASTA_ID") 
  PCTFREE 10 INITRANS 2 MAXTRANS 255 COMPUTE STATISTICS 
  STORAGE(INITIAL 65536 NEXT 1048576 MINEXTENTS 1 MAXEXTENTS 2147483645
  PCTINCREASE 0 FREELISTS 1 FREELIST GROUPS 1 BUFFER_POOL DEFAULT FLASH_CACHE DEFAULT CELL_FLASH_CACHE DEFAULT)
  TABLESPACE "ECZANE" ;
--------------------------------------------------------
--  DDL for Index MUSTERILER_UK1
--------------------------------------------------------

  CREATE UNIQUE INDEX "ECZANE"."MUSTERILER_UK1" ON "ECZANE"."MUSTERILER" ("HASTAADI", "HASTASOYADI", "TC", "DYERI", "ADRES", "TEL", "HASTALIGI", "AL_ILAC", "SOSYAL_GUVENCE") 
  PCTFREE 10 INITRANS 2 MAXTRANS 255 COMPUTE STATISTICS 
  STORAGE(INITIAL 65536 NEXT 1048576 MINEXTENTS 1 MAXEXTENTS 2147483645
  PCTINCREASE 0 FREELISTS 1 FREELIST GROUPS 1 BUFFER_POOL DEFAULT FLASH_CACHE DEFAULT CELL_FLASH_CACHE DEFAULT)
  TABLESPACE "ECZANE" ;
--------------------------------------------------------
--  DDL for Index MUSTERILER_SICK_IDX
--------------------------------------------------------

  CREATE INDEX "ECZANE"."MUSTERILER_SICK_IDX" ON "ECZANE"."MUSTERILER" ("HASTALIGI", "AL_ILAC") 
  PCTFREE 10 INITRANS 2 MAXTRANS 255 COMPUTE STATISTICS 
  STORAGE(INITIAL 65536 NEXT 1048576 MINEXTENTS 1 MAXEXTENTS 2147483645
  PCTINCREASE 0 FREELISTS 1 FREELIST GROUPS 1 BUFFER_POOL DEFAULT FLASH_CACHE DEFAULT CELL_FLASH_CACHE DEFAULT)
  TABLESPACE "ECZANE" ;
--------------------------------------------------------
--  DDL for Index MUSTERILER_HASTATEL_IDX
--------------------------------------------------------

  CREATE INDEX "ECZANE"."MUSTERILER_HASTATEL_IDX" ON "ECZANE"."MUSTERILER" ("TEL") 
  PCTFREE 10 INITRANS 2 MAXTRANS 255 COMPUTE STATISTICS 
  STORAGE(INITIAL 65536 NEXT 1048576 MINEXTENTS 1 MAXEXTENTS 2147483645
  PCTINCREASE 0 FREELISTS 1 FREELIST GROUPS 1 BUFFER_POOL DEFAULT FLASH_CACHE DEFAULT CELL_FLASH_CACHE DEFAULT)
  TABLESPACE "ECZANE" ;
--------------------------------------------------------
--  DDL for Trigger CALISAN_ID_TRG
--------------------------------------------------------

  CREATE OR REPLACE TRIGGER "ECZANE"."CALISAN_ID_TRG" 
   before insert on "ECZANE"."CALISANLAR" 
   for each row 
begin  
   if inserting then 
      if :NEW."ÇALIÞAN_ID" is null then 
         select CALISAN_ID_SEQ.nextval into :NEW."ÇALIÞAN_ID" from dual; 
      end if; 
   end if; 
end;
/
ALTER TRIGGER "ECZANE"."CALISAN_ID_TRG" ENABLE;
--------------------------------------------------------
--  DDL for Trigger LOGKAYDI_TRG
--------------------------------------------------------

  CREATE OR REPLACE TRIGGER "ECZANE"."LOGKAYDI_TRG" 
   AFTER UPDATE ON CALISAN_ADRESLER
   FOR EACH ROW
DECLARE
   PRAGMA AUTONOMOUS_TRANSACTION;
BEGIN
   INSERT INTO LOGKAYDI (TC,LOGKAYDI,TARIH) VALUES (:OLD.TC,:NEW.ADRES,SYSDATE);
   
 
   COMMIT;
END;
/
ALTER TRIGGER "ECZANE"."LOGKAYDI_TRG" ENABLE;
--------------------------------------------------------
--  DDL for Trigger MUSTERILER_ID_TRG
--------------------------------------------------------

  CREATE OR REPLACE TRIGGER "ECZANE"."MUSTERILER_ID_TRG" 
   BEFORE INSERT ON "ECZANE"."MUSTERILER" 
   for each row 
BEGIN  
   if inserting then 
      if :NEW."HASTA_ID" is null then 
         select HASTA_ID_SEQ.nextval into :NEW."HASTA_ID" from dual; 
      end if; 
   end if; 
END;
/
ALTER TRIGGER "ECZANE"."MUSTERILER_ID_TRG" ENABLE;
--------------------------------------------------------
--  DDL for Trigger TRIGGER1
--------------------------------------------------------

  CREATE OR REPLACE TRIGGER "ECZANE"."TRIGGER1" 
AFTER UPDATE OF ADRES ON MUSTERILER 
FOR EACH ROW 
BEGIN
  if updating then 
      if :NEW.ADRES is not null then          
        UPDATE HASTAADRESLER
        SET ADRES = NEW.ADRES
        WHERE TC= (select TC from MUSTERILER where ADRES=NEW.ADRES); 
      end if; 
   end if; 
END;
/
ALTER TRIGGER "ECZANE"."TRIGGER1" ENABLE;
--------------------------------------------------------
--  DDL for Trigger TRIGGER2
--------------------------------------------------------

  CREATE OR REPLACE TRIGGER "ECZANE"."TRIGGER2" 
AFTER INSERT ON CALISAN_ADRESLER 
FOR EACH ROW 
BEGIN
  if inserting then 
      if :NEW."ADRES" is not null then 
         INSERT INTO LOG VALUES (select TC from CALISAN_ADRESLER where ADRES=NEW."ADRES"+"'li çalýþana adres bilgisi eklendi!");
      end if; 
   end if; 
END;
/
ALTER TRIGGER "ECZANE"."TRIGGER2" ENABLE;
--------------------------------------------------------
--  DDL for Trigger TRIGGER2
--------------------------------------------------------

  CREATE OR REPLACE TRIGGER "ECZANE"."TRIGGER2" 
AFTER INSERT ON CALISAN_ADRESLER 
FOR EACH ROW 
BEGIN
  if inserting then 
      if :NEW."ADRES" is not null then 
         INSERT INTO LOG VALUES (select TC from CALISAN_ADRESLER where ADRES=NEW."ADRES"+"'li çalýþana adres bilgisi eklendi!");
      end if; 
   end if; 
END;
/
ALTER TRIGGER "ECZANE"."TRIGGER2" ENABLE;
--------------------------------------------------------
--  DDL for Trigger LOGKAYDI_TRG
--------------------------------------------------------

  CREATE OR REPLACE TRIGGER "ECZANE"."LOGKAYDI_TRG" 
   AFTER UPDATE ON CALISAN_ADRESLER
   FOR EACH ROW
DECLARE
   PRAGMA AUTONOMOUS_TRANSACTION;
BEGIN
   INSERT INTO LOGKAYDI (TC,LOGKAYDI,TARIH) VALUES (:OLD.TC,:NEW.ADRES,SYSDATE);
   
 
   COMMIT;
END;
/
ALTER TRIGGER "ECZANE"."LOGKAYDI_TRG" ENABLE;
--------------------------------------------------------
--  DDL for Trigger CALISAN_ID_TRG
--------------------------------------------------------

  CREATE OR REPLACE TRIGGER "ECZANE"."CALISAN_ID_TRG" 
   before insert on "ECZANE"."CALISANLAR" 
   for each row 
begin  
   if inserting then 
      if :NEW."ÇALIÞAN_ID" is null then 
         select CALISAN_ID_SEQ.nextval into :NEW."ÇALIÞAN_ID" from dual; 
      end if; 
   end if; 
end;
/
ALTER TRIGGER "ECZANE"."CALISAN_ID_TRG" ENABLE;
--------------------------------------------------------
--  DDL for Trigger MUSTERILER_ID_TRG
--------------------------------------------------------

  CREATE OR REPLACE TRIGGER "ECZANE"."MUSTERILER_ID_TRG" 
   BEFORE INSERT ON "ECZANE"."MUSTERILER" 
   for each row 
BEGIN  
   if inserting then 
      if :NEW."HASTA_ID" is null then 
         select HASTA_ID_SEQ.nextval into :NEW."HASTA_ID" from dual; 
      end if; 
   end if; 
END;
/
ALTER TRIGGER "ECZANE"."MUSTERILER_ID_TRG" ENABLE;
--------------------------------------------------------
--  DDL for Trigger TRIGGER1
--------------------------------------------------------

  CREATE OR REPLACE TRIGGER "ECZANE"."TRIGGER1" 
AFTER UPDATE OF ADRES ON MUSTERILER 
FOR EACH ROW 
BEGIN
  if updating then 
      if :NEW.ADRES is not null then          
        UPDATE HASTAADRESLER
        SET ADRES = NEW.ADRES
        WHERE TC= (select TC from MUSTERILER where ADRES=NEW.ADRES); 
      end if; 
   end if; 
END;
/
ALTER TRIGGER "ECZANE"."TRIGGER1" ENABLE;
--------------------------------------------------------
--  DDL for Procedure CALISANEKLE
--------------------------------------------------------
set define off;

  CREATE OR REPLACE PROCEDURE "ECZANE"."CALISANEKLE" (PCALISAN_ID IN NUMBER, PAD IN VARCHAR2, PSOYAD IN VARCHAR2, PTC IN NUMBER, PTEL IN NUMBER, PADRES IN VARCHAR2 ) AS 
VMAAS  NUMBER;
BEGIN
  SELECT (SUM(MAAS)/4)
  INTO VMAAS
  FROM MAASLAR;
  INSERT INTO maaslar(TC, MAAS) values (PTC, VMAAS);
  INSERT INTO calýsan_adresler(ADRES, TC) values (PADRES, PTC);
  
  INSERT INTO calýsanlar(ÇALIÞAN_ID, AD, SOYAD, TC, TEL, ADRES, MAAÞ) values (pcalýsan_ýd, PAD, PSOYAD, PTC, PTEL, PADRES, VMAAS);


END CALISANEKLE;

/
--------------------------------------------------------
--  DDL for Procedure HASTA_EKLE
--------------------------------------------------------
set define off;

  CREATE OR REPLACE PROCEDURE "ECZANE"."HASTA_EKLE" (PHASTA_ID IN NUMBER, PHASTAADI IN VARCHAR2, PHASTASOYADI IN VARCHAR2, PDYERI IN VARCHAR2, PADRES IN VARCHAR2, PTEL IN NUMBER, PMHASTALIGI IN NUMBER, 
PMAL_ILAC IN NUMBER, 
PSOSYAL_GUVENCE IN VARCHAR2, PSHASTALIGI IN VARCHAR2, PPAL_ILAC IN VARCHAR2) AS
VTC  NUMBER;
BEGIN
  SELECT MAX(TC)+10
  INTO VTC
  FROM MUSTERILER;
  INSERT INTO hastaadresler(TC, adres, dyerý) values (VTC, PADRES, PDYERI);
  INSERT INTO MUSTERILER(hasta_ýd, hastaadý, hastasoyadý, TC, dyerý, adres, tel, hastalýgý, al_ýlac, sosyal_guvence) values (PHASTA_ID, PHASTAADI, PHASTASOYADI, VTC, PDYERI, PADRES, PTEL, PMHASTALIGI,
  PMAL_ILAC, PSOSYAL_GUVENCE);
  
END HASTA_EKLE;

/
--------------------------------------------------------
--  DDL for Function CALISANPLACE
--------------------------------------------------------

  CREATE OR REPLACE FUNCTION "ECZANE"."CALISANPLACE" (P_TC IN NUMBER ) RETURN VARCHAR2 AS
RETVAL VARCHAR2(200);
BEGIN
  select adres 
  into retval
  from calýsan_adresler where tc=P_TC;
  RETURN retval;
END CALISANPLACE;

/
--------------------------------------------------------
--  DDL for Function HOMETOWN
--------------------------------------------------------

  CREATE OR REPLACE FUNCTION "ECZANE"."HOMETOWN" (P_TC IN NUMBER ) RETURN VARCHAR2 AS 
retval VARCHAR2(200);
BEGIN
  SELECT dyerý
  into retval
  FROM hastaadresler WHERE tc=P_TC;
  RETURN retval;
END HOMETOWN;

/
--------------------------------------------------------
--  DDL for Function PLACE
--------------------------------------------------------

  CREATE OR REPLACE FUNCTION "ECZANE"."PLACE" (P_TC IN NUMBER ) RETURN VARCHAR2 AS 
retval VARCHAR2(200);
BEGIN
  select adres
  into retval
  from hastaadresler where tc=P_TC;
  RETURN retval;
END PLACE;

/
--------------------------------------------------------
--  DDL for Function UCRET
--------------------------------------------------------

  CREATE OR REPLACE FUNCTION "ECZANE"."UCRET" (P_TC IN NUMBER ) RETURN NUMBER AS
RETVAL NUMBER;
BEGIN
  select maas 
  into retval
  from maaslar where TC=P_TC;
  RETURN retval;
END UCRET;

/
--------------------------------------------------------
--  DDL for Synonymn DUAL
--------------------------------------------------------

  CREATE OR REPLACE PUBLIC SYNONYM "DUAL" FOR "SYS"."DUAL";
--------------------------------------------------------
--  Constraints for Table CALISAN_ADRESLER
--------------------------------------------------------

  ALTER TABLE "ECZANE"."CALISAN_ADRESLER" ADD CONSTRAINT "CALISAN_ADRESLER_UK1" UNIQUE ("ADRES")
  USING INDEX PCTFREE 10 INITRANS 2 MAXTRANS 255 COMPUTE STATISTICS 
  STORAGE(INITIAL 65536 NEXT 1048576 MINEXTENTS 1 MAXEXTENTS 2147483645
  PCTINCREASE 0 FREELISTS 1 FREELIST GROUPS 1 BUFFER_POOL DEFAULT FLASH_CACHE DEFAULT CELL_FLASH_CACHE DEFAULT)
  TABLESPACE "ECZANE"  ENABLE;
  ALTER TABLE "ECZANE"."CALISAN_ADRESLER" ADD CONSTRAINT "CALISAN_ADRESLER_PK" PRIMARY KEY ("TC")
  USING INDEX PCTFREE 10 INITRANS 2 MAXTRANS 255 COMPUTE STATISTICS 
  STORAGE(INITIAL 65536 NEXT 1048576 MINEXTENTS 1 MAXEXTENTS 2147483645
  PCTINCREASE 0 FREELISTS 1 FREELIST GROUPS 1 BUFFER_POOL DEFAULT FLASH_CACHE DEFAULT CELL_FLASH_CACHE DEFAULT)
  TABLESPACE "ECZANE"  ENABLE;
  ALTER TABLE "ECZANE"."CALISAN_ADRESLER" MODIFY ("TC" NOT NULL ENABLE);
--------------------------------------------------------
--  Constraints for Table CALISANLAR
--------------------------------------------------------

  ALTER TABLE "ECZANE"."CALISANLAR" ADD CONSTRAINT "CALISANLAR_UK1" UNIQUE ("AD", "SOYAD", "TC", "TEL", "ADRES", "MAAÞ")
  USING INDEX PCTFREE 10 INITRANS 2 MAXTRANS 255 COMPUTE STATISTICS 
  STORAGE(INITIAL 65536 NEXT 1048576 MINEXTENTS 1 MAXEXTENTS 2147483645
  PCTINCREASE 0 FREELISTS 1 FREELIST GROUPS 1 BUFFER_POOL DEFAULT FLASH_CACHE DEFAULT CELL_FLASH_CACHE DEFAULT)
  TABLESPACE "ECZANE"  ENABLE;
  ALTER TABLE "ECZANE"."CALISANLAR" ADD PRIMARY KEY ("ÇALIÞAN_ID")
  USING INDEX PCTFREE 10 INITRANS 2 MAXTRANS 255 COMPUTE STATISTICS 
  STORAGE(INITIAL 65536 NEXT 1048576 MINEXTENTS 1 MAXEXTENTS 2147483645
  PCTINCREASE 0 FREELISTS 1 FREELIST GROUPS 1 BUFFER_POOL DEFAULT FLASH_CACHE DEFAULT CELL_FLASH_CACHE DEFAULT)
  TABLESPACE "ECZANE"  ENABLE;
--------------------------------------------------------
--  Constraints for Table HASTAADRESLER
--------------------------------------------------------

  ALTER TABLE "ECZANE"."HASTAADRESLER" ADD CONSTRAINT "HASTAADRESLER_UK1" UNIQUE ("ADRES", "DYERI")
  USING INDEX PCTFREE 10 INITRANS 2 MAXTRANS 255 COMPUTE STATISTICS 
  STORAGE(INITIAL 65536 NEXT 1048576 MINEXTENTS 1 MAXEXTENTS 2147483645
  PCTINCREASE 0 FREELISTS 1 FREELIST GROUPS 1 BUFFER_POOL DEFAULT FLASH_CACHE DEFAULT CELL_FLASH_CACHE DEFAULT)
  TABLESPACE "ECZANE"  ENABLE;
  ALTER TABLE "ECZANE"."HASTAADRESLER" ADD PRIMARY KEY ("TC")
  USING INDEX PCTFREE 10 INITRANS 2 MAXTRANS 255 COMPUTE STATISTICS 
  STORAGE(INITIAL 65536 NEXT 1048576 MINEXTENTS 1 MAXEXTENTS 2147483645
  PCTINCREASE 0 FREELISTS 1 FREELIST GROUPS 1 BUFFER_POOL DEFAULT FLASH_CACHE DEFAULT CELL_FLASH_CACHE DEFAULT)
  TABLESPACE "ECZANE"  ENABLE;
--------------------------------------------------------
--  Constraints for Table HASTALIK
--------------------------------------------------------

  ALTER TABLE "ECZANE"."HASTALIK" ADD CONSTRAINT "HASTALIK_UK1" UNIQUE ("HASTALIGI")
  USING INDEX PCTFREE 10 INITRANS 2 MAXTRANS 255 COMPUTE STATISTICS 
  STORAGE(INITIAL 65536 NEXT 1048576 MINEXTENTS 1 MAXEXTENTS 2147483645
  PCTINCREASE 0 FREELISTS 1 FREELIST GROUPS 1 BUFFER_POOL DEFAULT FLASH_CACHE DEFAULT CELL_FLASH_CACHE DEFAULT)
  TABLESPACE "ECZANE"  ENABLE;
  ALTER TABLE "ECZANE"."HASTALIK" ADD PRIMARY KEY ("HASTALIK_ID")
  USING INDEX PCTFREE 10 INITRANS 2 MAXTRANS 255 COMPUTE STATISTICS 
  STORAGE(INITIAL 65536 NEXT 1048576 MINEXTENTS 1 MAXEXTENTS 2147483645
  PCTINCREASE 0 FREELISTS 1 FREELIST GROUPS 1 BUFFER_POOL DEFAULT FLASH_CACHE DEFAULT CELL_FLASH_CACHE DEFAULT)
  TABLESPACE "ECZANE"  ENABLE;
--------------------------------------------------------
--  Constraints for Table ILACLAR
--------------------------------------------------------

  ALTER TABLE "ECZANE"."ILACLAR" ADD CONSTRAINT "ILACLAR_UK1" UNIQUE ("AL_ILAC")
  USING INDEX PCTFREE 10 INITRANS 2 MAXTRANS 255 COMPUTE STATISTICS 
  STORAGE(INITIAL 65536 NEXT 1048576 MINEXTENTS 1 MAXEXTENTS 2147483645
  PCTINCREASE 0 FREELISTS 1 FREELIST GROUPS 1 BUFFER_POOL DEFAULT FLASH_CACHE DEFAULT CELL_FLASH_CACHE DEFAULT)
  TABLESPACE "ECZANE"  ENABLE;
  ALTER TABLE "ECZANE"."ILACLAR" ADD PRIMARY KEY ("IL_ID")
  USING INDEX PCTFREE 10 INITRANS 2 MAXTRANS 255 COMPUTE STATISTICS 
  STORAGE(INITIAL 65536 NEXT 1048576 MINEXTENTS 1 MAXEXTENTS 2147483645
  PCTINCREASE 0 FREELISTS 1 FREELIST GROUPS 1 BUFFER_POOL DEFAULT FLASH_CACHE DEFAULT CELL_FLASH_CACHE DEFAULT)
  TABLESPACE "ECZANE"  ENABLE;
--------------------------------------------------------
--  Constraints for Table MAASLAR
--------------------------------------------------------

  ALTER TABLE "ECZANE"."MAASLAR" ADD CONSTRAINT "MAASLAR_UK1" UNIQUE ("MAAS")
  USING INDEX PCTFREE 10 INITRANS 2 MAXTRANS 255 COMPUTE STATISTICS 
  STORAGE(INITIAL 65536 NEXT 1048576 MINEXTENTS 1 MAXEXTENTS 2147483645
  PCTINCREASE 0 FREELISTS 1 FREELIST GROUPS 1 BUFFER_POOL DEFAULT FLASH_CACHE DEFAULT CELL_FLASH_CACHE DEFAULT)
  TABLESPACE "ECZANE"  ENABLE;
  ALTER TABLE "ECZANE"."MAASLAR" ADD PRIMARY KEY ("TC")
  USING INDEX PCTFREE 10 INITRANS 2 MAXTRANS 255 COMPUTE STATISTICS 
  STORAGE(INITIAL 65536 NEXT 1048576 MINEXTENTS 1 MAXEXTENTS 2147483645
  PCTINCREASE 0 FREELISTS 1 FREELIST GROUPS 1 BUFFER_POOL DEFAULT FLASH_CACHE DEFAULT CELL_FLASH_CACHE DEFAULT)
  TABLESPACE "ECZANE"  ENABLE;
--------------------------------------------------------
--  Constraints for Table MUSTERILER
--------------------------------------------------------

  ALTER TABLE "ECZANE"."MUSTERILER" ADD CONSTRAINT "MUSTERILER_UK1" UNIQUE ("HASTAADI", "HASTASOYADI", "TC", "DYERI", "ADRES", "TEL", "HASTALIGI", "AL_ILAC", "SOSYAL_GUVENCE")
  USING INDEX PCTFREE 10 INITRANS 2 MAXTRANS 255 COMPUTE STATISTICS 
  STORAGE(INITIAL 65536 NEXT 1048576 MINEXTENTS 1 MAXEXTENTS 2147483645
  PCTINCREASE 0 FREELISTS 1 FREELIST GROUPS 1 BUFFER_POOL DEFAULT FLASH_CACHE DEFAULT CELL_FLASH_CACHE DEFAULT)
  TABLESPACE "ECZANE"  ENABLE;
  ALTER TABLE "ECZANE"."MUSTERILER" ADD PRIMARY KEY ("HASTA_ID")
  USING INDEX PCTFREE 10 INITRANS 2 MAXTRANS 255 COMPUTE STATISTICS 
  STORAGE(INITIAL 65536 NEXT 1048576 MINEXTENTS 1 MAXEXTENTS 2147483645
  PCTINCREASE 0 FREELISTS 1 FREELIST GROUPS 1 BUFFER_POOL DEFAULT FLASH_CACHE DEFAULT CELL_FLASH_CACHE DEFAULT)
  TABLESPACE "ECZANE"  ENABLE;
--------------------------------------------------------
--  Ref Constraints for Table CALISANLAR
--------------------------------------------------------

  ALTER TABLE "ECZANE"."CALISANLAR" ADD CONSTRAINT "CALISANLAR_KISI_FK2" FOREIGN KEY ("TC")
	  REFERENCES "ECZANE"."CALISAN_ADRESLER" ("TC") ENABLE;
  ALTER TABLE "ECZANE"."CALISANLAR" ADD CONSTRAINT "CALISANLAR_TC_FK1" FOREIGN KEY ("TC")
	  REFERENCES "ECZANE"."MAASLAR" ("TC") ENABLE;
--------------------------------------------------------
--  Ref Constraints for Table MUSTERILER
--------------------------------------------------------

  ALTER TABLE "ECZANE"."MUSTERILER" ADD CONSTRAINT "MUSTERILER_HASTALIK_FK1" FOREIGN KEY ("HASTALIGI")
	  REFERENCES "ECZANE"."HASTALIK" ("HASTALIK_ID") ENABLE;
  ALTER TABLE "ECZANE"."MUSTERILER" ADD CONSTRAINT "MUSTERILER_ILAC_FK1" FOREIGN KEY ("AL_ILAC")
	  REFERENCES "ECZANE"."ILACLAR" ("IL_ID") ENABLE;
  ALTER TABLE "ECZANE"."MUSTERILER" ADD CONSTRAINT "MUSTERILER_TC_FK1" FOREIGN KEY ("TC")
	  REFERENCES "ECZANE"."HASTAADRESLER" ("TC") ENABLE;
